,score
0,0.005958843532225608
1,0.7625416877011669
2,0.4556980482588686
3,0.09555396307292491
4,0.0013274463863699308
5,0.010471496627093447
6,0.022171094000735116
7,0.2909922527258732
8,0.0005181248094438413
9,0.000347847931066368
10,0.7735065867574098
11,0.0005374238240153969
12,0.12140424794744825
13,0.12373396354466301
14,2.082350217512499e-05
15,2.2754866916825148e-06
16,0.7080101079202402
17,0.048079552275075044
18,0.9603234470710561
19,0.0066146251119977685
20,0.9212542968982305
21,6.15213344920007e-05
22,0.022738268704802923
23,0.15145067651554567
24,1.7277251410366904e-05
25,0.10388485637079721
26,0.6215074818789456
27,0.5468243084935492
28,0.262014018310439
29,0.5653301982223051
30,0.0001103052621470832
31,0.0004559269937371155
32,0.0506739559489393
33,0.049499808568256934
34,0.04001368626093106
35,0.0008143513073265511
36,0.032953396434174394
37,0.05625173821856413
38,0.027673267684188603
39,0.3114099545094569
40,0.020079815482474776
41,0.1368661337430953
42,9.969278202195761e-05
43,0.016001317163044156
44,0.005579151618092513
45,0.0015295428786558597
46,0.0015431815504846342
47,0.0866971548990976
48,0.003077844335838601
49,0.29252939597461103
50,0.00011235148938075172
51,0.5541604993114072
52,0.2837262224473962
53,0.0005522190086966785
54,0.012431752813703146
55,0.31162458498127465
56,0.008936443280481545
57,0.7555222763742824
58,0.2493377559442149
59,0.7808087767252903
60,0.003255692616144261
61,0.11737655681577035
62,0.012475762486346796
63,0.04769803081982249
64,0.001279894881101602
65,0.39937433454054055
66,0.0009572039459080123
67,0.015177073764326024
68,0.00479225445063299
69,0.036546765844995964
70,0.002073955634047983
71,0.23791671169650452
72,0.0014736987881033283
73,0.6076508281397881
74,0.01898108352236638
75,0.01108532922687554
76,0.0004831307955944516
77,0.0011182404132369546
78,0.16732807457689908
79,0.199732728277067
80,0.07372164497366575
81,0.00292847421740749
82,0.022942215146797697
83,0.003975094502736292
84,0.046484549260329265
85,0.4665778225446639
86,0.0018985768093446142
87,7.166657557420975e-06
88,0.041649515135374134
89,0.025190699357475612
90,0.002220016072999826
91,0.11284159580941755
92,0.025584919921531148
93,0.0007971074615029994
94,0.25779407266120175
95,0.46632943255939985
96,0.00044779600023454484
97,0.5466012914761842
98,0.061193324322478905
99,0.2692215168592253
100,0.44991930456574225
101,0.0003231219540709239
102,0.007845636176499837
103,0.18186144421889747
104,0.04589646731979373
105,0.16896138593219842
106,9.383539892595431e-06
107,0.8952164158854236
108,0.029777993633002323
109,0.2934801373296134
110,0.008068223747403553
111,0.014361203380232536
112,1.7545077148737728e-05
113,0.0025272835798086386
114,0.0012200672076617943
115,0.06302108559562003
116,0.011365147011732421
117,0.002379036635459111
118,0.1266688282787757
119,0.0014223372724904873
120,0.05626630257821185
121,0.027515080619287823
122,0.006883607647268839
123,0.12989460512363907
124,0.01339062653486737
125,4.654911645398475e-05
126,0.01802339219376878
127,0.0003888937878210019
128,0.14364829711179755
129,0.022692932099124603
130,0.0027367249846390624
131,0.18002219174318762
132,0.020826669761204713
133,0.032860564385302944
134,0.0071054585926739345
135,0.09130689182178708
136,0.6593371218209099
137,0.011077913124519204
138,9.021395295888518e-05
139,0.06289156094321169
140,0.5690502633894943
141,0.020268838755001403
142,0.03525860588823571
143,0.3974206567393281
144,0.04347438372789624
145,0.00012549599843887706
146,0.4656845042149809
147,0.0014929279525662375
148,0.026741511855142647
149,0.2563258959004247
150,0.07808446444402961
151,0.0048809376657761045
152,0.05180063573672971
153,0.04263753516158933
154,0.2154453348503481
155,0.003994251511762297
156,0.00042287635316356153
157,0.025102696915093984
158,0.051845278089345935
159,0.6571964785205735
160,0.625667968996227
161,0.7313952080014886
162,0.25553593339649794
163,0.1432113979670613
164,0.005711266187900415
165,0.6709592020531587
166,0.0037036548665097205
167,0.00533424865092429
168,0.0020863538603779043
169,0.0017794408198201742
170,0.00765089205497173
171,0.16319390021378205
172,0.24449228514688023
173,0.006779195145946436
174,0.05102598311156146
175,0.3382631553760789
176,0.0183870616818419
177,0.3984648224693459
178,0.007308338925382559
179,0.2867732126256913
180,0.2973511618776491
181,0.0229194242522097
182,0.00020270719610953423
183,0.3709750963501778
184,0.007466820300857673
185,0.4557055513530113
186,0.2379406140947177
187,0.0024085864119375217
188,0.27476278328050924
189,1.5571227932532634e-05
190,0.11488400867266296
191,0.0022293427991896364
192,0.11830274263696913
193,0.14274494718683886
194,0.09576285655661669
195,0.03070267401236475
196,0.014414028039841554
197,0.0774142483912806
198,0.0011650055264381875
199,0.04276097691887212
200,0.05895579232214419
201,0.8424315466442315
202,0.07682279064096659
203,0.02794285880776429
204,0.005284409848260219
205,0.0005187745106837089
206,0.5202474931871892
207,0.0037269921466632494
208,0.02405540913215586
209,0.3686790772865714
210,0.0002609391029857299
211,0.07044056414042506
212,0.009691310882819609
213,0.021692619976956855
214,0.0001573873219306028
215,0.009335373855134197
216,0.09688000130390192
217,0.009410127725131721
218,0.2356257522528166
219,0.010850412276891734
220,0.015804043639864172
221,0.5207183316976941
222,0.001203361088303306
223,5.275739354614205e-05
224,0.026108502388567708
225,1.7126899041398858e-05
226,0.023284111888013277
227,0.06885244733718608
228,0.0008446607684632126
229,0.005319219518483661
230,0.04959634849344247
231,0.016806077090128525
232,0.3875936776410043
233,0.0023755603670604177
234,0.0036858962818898605
235,0.17624409387699905
236,0.4761560213889158
237,0.0001377649025903392
238,0.018231588067242697
239,0.497682111702471
240,0.026778622090926203
241,0.1311306723538274
242,0.0013369472033253735
243,3.695248967216331e-06
244,0.0091240789087456
245,0.1553492705023425
246,0.04281252800992957
247,0.8364927061289235
248,0.01310398708940516
249,0.00838047236537874
250,0.0005431902230435752
251,0.9753102519824546
252,0.0011001561597921816
253,0.0004499493518810604
254,0.3201996532278839
255,0.007404203113769464
256,0.02085756821602636
257,0.3534975581235552
258,0.023487929231074296
259,0.3759524973585871
260,0.001984954698217862
261,0.011961193878320836
262,0.0015743821443611858
263,0.0015487773338333866
264,0.16533957432666074
265,0.1588376239757597
266,0.1687563056845866
267,0.4241602199974176
268,0.358363871195257
269,0.08749335302027905
270,0.28340271195697225
271,1.1144193187336805e-05
272,0.9655413744653276
273,0.6453481798016751
274,0.0005187176166878309
275,0.33840889714939687
276,0.0019409751514441469
277,0.34674802490554646
278,0.01936522371196422
279,0.08674282826925993
280,0.01974648404872063
281,0.7107554880311042
282,0.03450555516262948
283,0.041554115858717086
284,0.01761105526771629
285,0.07200893938104548
286,0.0007721238919664582
287,0.002484654065748656
288,0.010683215361034504
289,8.931282339133797e-06
290,0.019640694716421703
291,0.000739359677195725
292,0.00011041569779974136
293,0.28459211500473364
294,0.01060065807825088
295,0.4821716787586081
296,0.02959810064563286
297,0.002917617609165191
298,0.012005743312384682
299,0.43730257615440854
300,0.06371595989755073
301,0.19965516503801156
302,0.04609079728530702
303,0.06059662691152482
304,0.03802707072496549
305,0.00752012118689086
306,0.0010389234768367255
307,0.0026426807575182206
308,0.045502320009469424
309,5.895308271501145e-06
310,6.731261304460965e-05
311,0.08366932983102282
312,0.27843819842961604
313,0.0937735142547666
314,0.039256362611540446
315,0.0023546978999610182
316,0.0054301256471832975
317,0.14978966376582542
318,0.0016962005436515018
319,0.019920199215787755
320,8.753780976870363e-05
321,0.09502111685879867
322,0.5056965667549448
323,0.9805129327464904
324,0.014800817731810795
325,0.013010431008467134
326,0.2912405049949218
327,0.0008646213562814504
328,0.1174497170266466
329,0.24594837596811397
330,0.004906480172467207
331,0.00010142545546834242
332,0.002207343015443543
333,0.0005824621035038076
334,0.011605448527144737
335,0.014043940668666018
336,0.14358942709430572
337,6.381730450752646e-05
338,0.4373197138336834
339,0.0008816752132472242
340,0.0002349578835286289
341,0.02793562847052342
342,0.04165227752564998
343,0.0001542895140291345
344,0.03468313913300891
345,0.0012812813606319132
346,0.07053644785013077
347,0.13133114143100702
348,0.008489539287511052
349,0.004427628949616337
350,0.03163659951685956
351,0.23667198861473232
352,0.0028491114877001343
353,0.6998235312232564
354,0.037201744630351516
355,0.14942703057961892
356,1.3886122725145744e-05
357,0.9747046971060284
358,0.02682635217332183
359,0.003186564607554249
360,0.1709835851562781
361,0.7628869921971051
362,0.07384325349424718
363,0.1849525993053443
364,0.046422205187864975
365,0.9662493445124886
366,0.9436098160660038
367,0.00944331055212209
368,0.0009087724058468439
369,0.005280897148895538
370,0.250792042090832
371,0.22366386261808288
372,0.03440485599641748
373,0.989709928297726
374,0.010961197697183744
375,0.0006877377911284907
376,0.02982877881431164
377,0.3425569851921307
378,0.0911087571360404
379,0.0022415022466510197
380,0.002442139182546047
381,0.10141890488520063
382,0.4037497092519543
383,0.0023740576088503024
384,0.0722615945649645
385,0.0033190134178446
386,0.013035623570205278
387,0.01644765419552509
388,0.5091252513520308
389,0.000796984343849866
390,0.11041406788680819
391,0.00017948133135444453
392,0.24113518739700368
393,0.043048993381505696
394,0.06708175589001318
395,3.309824468755561e-05
396,0.008556065750799896
397,0.016158022182217992
398,0.21176109236831706
399,0.17667062178209167
400,0.5217734312918306
401,0.01493540124199802
402,0.05533317770492328
403,0.06733580451971244
404,0.08729465350760642
405,0.009474623558223398
406,0.01918916122631581
407,0.012123197684298209
408,0.008917882884620103
409,0.0022163265479810007
410,0.01134286187739886
411,0.6992517948380735
412,0.015621478489227535
413,0.26949909813597783
414,0.6389840932905969
415,7.480667052807117e-05
416,0.011504904113796777
417,0.25317624871688554
418,0.004373555458753504
419,0.13152070734962804
420,0.4485043111928275
421,0.003041196002545912
422,0.19740068168771596
423,0.047290016914139206
424,0.35723947621864377
425,0.05736114563696958
426,0.10158887350519127
427,0.019667259702608766
428,0.3516161389008837
429,0.024194452588785442
430,0.01752886372253318
431,0.08457794616611633
432,0.36371377464571
433,0.005810991818053466
434,0.00010162753165251124
435,0.023320421242346196
436,0.018252211923638732
437,0.2735970112134344
438,0.0007451271538345894
439,0.04066604790359035
440,0.04742256113936469
441,0.1348767273022831
442,0.05471353968864412
443,0.0517480519691818
444,0.0016493859479536875
445,0.06348850233740393
446,0.0016045164789675562
447,0.014389430514891385
448,0.32326152770028393
449,0.0003413761038309861
450,0.01963927206911748
451,0.02474910857569875
452,0.011023658477828957
453,0.4719652969320737
454,0.01240325963207499
455,0.019249699326341213
456,0.016438456086636986
457,0.008882485706099901
458,2.4074921658856416e-05
459,0.40032000417791397
460,1.9316729218528348e-05
461,0.2524739584033209
462,0.0004291128796848993
463,0.0007450945020109327
464,0.0016062283697706279
465,0.0009017262565025506
466,0.14325258381640876
467,0.5642831381302159
468,0.0012762517642212336
469,0.005824915951924356
470,0.25127867396018216
471,0.002333950107200151
472,0.007448906213668181
473,0.9555219799708004
474,0.027164520891642542
475,0.010308740748813808
476,0.000511045845980807
477,0.010176208404953785
478,0.07792700053001986
479,0.004384306972711112
480,0.5262665400382696
481,0.21601158418222738
482,0.01803495248804984
483,0.05306485714345701
484,0.008766993389831688
485,0.0011357446681507703
486,0.5327085656135623
487,0.03476473494209131
488,0.17393862540818325
489,0.016456633462620864
490,0.016695811786395696
491,0.01338644837304429
492,0.016990930323490555
493,0.008906264816090376
494,2.3694591510624248e-05
495,0.0036226936971903534
496,0.2330728446896747
497,0.02043794048210658
498,0.002356725713533654
499,0.00346090719703923
500,0.00015058505612265644
501,0.011753433190705287
502,0.9449978261557793
503,0.006267052250190208
504,0.1782736592499045
505,0.03389344244466404
506,0.14606341922985436
507,0.04569754623693098
508,0.0007806639379214919
509,0.0004370849569015941
510,0.17903501003523928
511,0.0020995749244975973
512,0.004851454733823922
513,0.11295683625350962
514,0.007633194729164985
515,0.017545744751495753
516,1.3011536668672961e-05
517,0.0006415761652185699
518,0.16702931365992923
519,0.015881935547566825
520,0.027901227986782563
521,0.0010489038043917142
522,0.002374042048645185
523,0.11909554769067114
524,0.1437480941467159
525,0.07031923462818897
526,0.006932707445792821
527,0.011737173840364719
528,0.2495468584900836
529,0.8995548426733797
530,0.0005019366563444798
531,0.9733673131016521
532,0.36317161469487
533,3.933026119825118e-05
534,0.01093180926747051
535,0.010345675154982225
536,0.0015959661640661984
537,0.006184616776281019
538,0.0005245309586616602
539,0.004306964349806107
540,0.005063872101591568
541,0.8650637675460054
542,0.0008750623943519865
543,0.07897853935671978
544,0.03934854599516567
545,0.19847293105856562
546,0.010357286455941582
547,0.00015309866293742824
548,0.027433729419900566
549,0.1756816970195204
550,0.07614968356279211
551,0.0229757481772485
552,0.23104716228857677
553,0.16598925599976846
554,0.0006677747584389565
555,0.010523426314921897
556,0.0001337370651484229
557,0.6080544649740275
558,0.0008228878684683902
559,0.04152029363986176
560,0.0023972831731700313
561,0.3815520709860632
562,0.22300430997611
563,0.11745718349076688
564,0.00023867307259257354
565,0.05589769894827888
566,0.0388548164220552
567,0.00024340132117160707
568,0.5420504155059853
569,0.03932323552634106
570,0.022262487736323482
571,0.005148548134127647
572,0.004668230916592409
573,0.0018484663540652296
574,0.010747567788048753
575,0.12875279248017618
576,0.0006419722929943658
577,0.055705862216900354
578,0.1022205984899634
579,0.02414069663874519
580,0.450830148307303
581,0.03404515800245106
582,0.03990889082530197
583,0.011088153973183567
584,0.010464772540853262
585,0.03400680496185583
586,0.027398604238887153
587,0.006906096206524595
588,0.0017312606939645073
589,0.006609175551394231
590,0.00038109995930527745
591,0.020877156026006528
592,0.013294615685378486
593,0.45707888988498846
594,0.07161597749712721
595,0.02034429538094042
596,0.0030086968888500616
597,0.3998651056971254
598,0.0016421545182456088
599,0.008816635823003018
600,0.01153362333331637
601,0.005677044001944766
602,0.005920968550166594
603,1.7669163168210093e-05
604,0.0012238330992976082
605,0.1623806717263823
606,0.005787168026628456
607,0.04266617599033319
608,0.021818930127052497
609,0.013298655991287333
610,0.001036899134385768
611,0.3609737248446755
612,0.00010842487533405661
613,0.0004200096287281486
614,0.0041939689987791195
615,0.6131673535979425
616,0.001967525258558097
617,0.04175548770066024
618,0.07981311866594663
619,4.038867730517746e-05
620,0.0008956941995249681
621,0.16603853388500722
622,0.40488665455422523
623,0.021633458939759452
624,0.0006255457654959163
625,0.16509877066775613
626,0.004060394600830338
627,0.6847412912073804
628,0.036941247619472775
629,0.1448677297256029
630,4.933205569777445e-05
631,0.6295072205618676
632,0.4277307923507528
633,0.0006245050235049031
634,0.04147109130877891
635,0.41047519160886814
636,0.4018895898903976
637,0.0003825970438961724
638,0.07452671879520471
639,0.687939645361554
640,0.05381291919291367
641,0.030653056793670443
642,0.3588061347938334
643,0.02344546534955926
644,0.04462059005337674
645,0.6072457654187978
646,0.09634609495874528
647,0.06515923509777356
648,0.003757524546117363
649,6.741087181352235e-05
650,0.057573628904474115
651,0.010246863098900294
652,0.02705884787627455
653,4.7507847428004327e-05
654,0.00018083467860868256
655,0.010773943414403365
656,0.09983049083570684
657,0.007196332052502986
658,0.00023620633185196708
659,0.001562702235385869
660,0.003564386833434272
661,0.13977696285358487
662,5.697430991645257e-07
663,0.02769172830842138
664,0.06083890915959604
665,0.4660877678489326
666,0.2144812512798297
667,0.05677201331902558
668,0.043891521444613564
669,0.6134366079318911
670,0.00814275521842216
671,0.008612177614814713
672,0.03970833819237575
673,2.38509492941948e-05
674,0.06618805717145798
675,0.10417133163307202
676,0.30615654930488073
677,0.00017408368561639746
678,0.005228125382266206
679,0.11030032128895478
680,3.0452302281818285e-05
681,8.341916531019957e-05
682,0.31263732976669645
683,0.03719401849292638
684,0.3841792614149542
685,0.007745264702540699
686,0.002420242784118578
687,0.029544757892849976
688,0.2794387822313773
689,0.023559666435014025
690,0.02814347856515328
691,0.8799172420299356
692,0.0006921869123616057
693,0.0018490304772859083
694,0.0007196409054650718
695,0.1976579509087592
696,0.3424902462182723
697,0.03750134813449715
698,0.00010657297146548731
699,0.1407370748472974
700,0.0017229733580196812
701,0.9024977971761241
702,0.00391141411377848
703,0.011449710887462428
704,0.007790247087535588
705,0.022627441615140326
706,0.15253202713633307
707,0.04476776167832261
708,0.003768444360720647
709,0.03391357147510238
710,0.0027039245682706483
711,0.020343907528396595
712,4.737775133773624e-05
713,0.16730870070926243
714,0.2414872786021455
715,0.0005649896393437114
716,0.030233456955629845
717,0.11232590387415231
718,0.004312562476359519
719,0.005743817536070367
720,0.009441579241687236
721,0.10050145777883585
722,0.46498122317508983
723,0.9365580805462224
724,0.07172359946078866
725,0.002582218570487917
726,0.004235999261352809
727,0.01957751694347727
728,0.6209368214595635
729,0.10849842443952375
730,5.8972872091505465e-06
731,0.024787357208865737
732,0.05928771550796386
733,0.01130429314564134
734,0.011765307904111065
735,0.0038530791333791507
736,0.03363434867514852
737,0.8193274245020206
738,0.3650279630847491
739,0.13200592641535625
740,0.0005369513591236607
741,0.08890459258211934
742,0.02733490790348238
743,0.0026793522937077303
744,0.09572316228210109
745,0.19118019887859977
746,0.07356655835600201
747,0.010304990004241519
748,0.024132533761233217
749,0.1756757252374043
750,0.7794872661106123
751,0.03694955528320387
752,0.0019061421764274957
753,6.584850178501894e-05
754,0.0014807646430796424
755,0.0006081139284084626
756,0.004850563309076406
757,0.001345915186777721
758,0.00936860873883632
759,0.1568166400204826
760,0.01571555558329355
761,0.004527957111411295
762,0.2772644363640902
763,0.21258765259129941
764,0.3911389156311872
765,8.105312963754966e-05
766,0.5031681494484711
767,0.0019057963214757457
768,0.00508995046860599
769,0.7906753985963206
770,0.021469984578869165
771,0.03522352607171638
772,0.0013675110616681884
773,0.17612735545978592
774,0.5178783063286881
775,0.06332640077622546
776,0.10526837079272243
777,0.00048239726268802755
778,0.020712149899199804
779,0.014025502425210704
780,0.44613656243199185
781,0.2777085251983237
782,0.0001483854720358361
783,0.10639631662206779
784,0.00485718452444591
785,0.0004802151753432009
786,0.0002063935864326428
787,0.00036440062888963576
788,0.840420211878241
789,0.36733396530913315
790,0.0004856931315025781
791,0.0004683344760989265
792,0.029417845552393823
793,0.5638917428197182
794,0.363215152440563
795,0.009406648131738748
796,0.18312852285259587
797,0.8442455313557203
798,0.5450881413675613
799,0.15511615434247802
800,0.03752007427097137
801,0.5471094440827742
802,0.5333194992638474
803,0.11671598469394458
804,0.03371936876974999
805,0.0014267333378439983
806,0.06472062180242702
807,0.03470291292897955
808,0.28230991423046903
809,0.46522732932490174
810,0.10818081786557689
811,9.860794610583018e-05
812,0.025345610887144664
813,0.13533681397860875
814,0.08361383692028249
815,0.00015914231820840012
816,0.055780689774464244
817,0.002595124914217795
818,0.9564292473239215
819,0.014099091882314093
820,0.0022839168858647006
821,2.927357763201689e-06
822,0.37559004265648216
823,0.04299427934942908
824,0.0028235431471012487
825,0.0011172442549680524
826,0.6756246203437066
827,0.00019358723587996812
828,0.00036408487833675617
829,0.12467806343805947
830,0.029648667154686507
831,0.30146315867378926
832,0.14780168803783725
833,0.22297113649385042
834,0.11878398472960405
835,0.012626779992678142
836,0.036962574840457875
837,0.05388746254366919
838,0.05325123066543243
839,0.0003167939488878065
840,0.012042875599541229
841,0.10447404682988133
842,6.943164456507692e-06
843,0.15209471692921014
844,0.5058375388128967
845,0.01428904754228698
846,0.9712696020624229
847,0.0034392150367529
848,0.1655254918002124
849,0.02424930940733662
850,0.02222371040272286
851,0.05396398715111155
852,0.000499387517449026
853,0.20536887741547652
854,0.017483982238804825
855,0.000770695912194051
856,0.03795906733189387
857,0.09317637284159032
858,3.993343887521289e-06
859,0.007084948886169141
860,0.24594707762500256
861,0.002463757203953458
862,0.012392330250874148
863,0.02242182698776531
864,0.0062832791759994695
865,5.4974916755715345e-06
866,0.012911527604161518
867,0.003026151132358634
868,0.0010102171324395917
869,0.6112277518997047
870,0.020022621860771157
871,0.004598909547786517
872,0.0004423394638426941
873,0.18444665951434494
874,0.03433315060904325
875,0.006165692438842645
876,0.007437359834741618
877,0.12129426350177451
878,1.5934321013238646e-05
879,0.0005801993904775079
880,0.015474659415581965
881,0.011134608923750058
882,0.40248024622611916
883,0.005949191381544541
884,0.012603887917868978
885,0.007768337054176524
886,0.22533230805664609
887,5.4464444003213914e-05
888,0.11765373148750265
889,0.4692123974567996
890,0.1134366975545591
891,0.039860635779535934
892,0.024333584888602593
893,0.028484395019618906
894,0.008832895433142637
895,0.0008088147963131915
896,0.0005819857083736572
897,7.177953954651676e-05
898,0.4161952051008659
899,0.2943486775174781
900,0.02512921100177561
901,0.09209905322108856
902,0.01500771300898959
903,0.10604235347610062
904,0.00016890298684912416
905,0.06965006961317884
906,0.01698835538885757
907,0.008707190663582295
908,0.0159876282401541
909,0.005592642262150381
910,0.002198074326574621
911,0.09711131024010008
912,0.43229833857235067
913,0.08556038613953613
914,0.018297839567491484
915,0.02081695593826422
916,0.6717963212161692
917,0.00011041030138840678
918,0.09098901280870395
919,0.39298311302887223
920,0.00964010706610318
921,0.0015861910410742367
922,0.19482707007176883
923,0.1470140512042459
924,0.006517431840646354
925,0.07157616720767437
926,0.6215268836134101
927,0.08654632839849022
928,0.013900544952075971
929,0.3914491393130667
930,0.1639313876726297
931,0.0001829151101851412
932,0.00043378318629653335
933,0.35869269911298357
934,0.002133867589973394
935,0.4814028298276737
936,0.0047605007759598614
937,0.9920253475679864
938,0.002764613913680562
939,0.07621344150176566
940,0.0002247719951617997
941,0.3869369246905513
942,0.03666827565334808
943,0.0071998441876090355
944,0.07195150396059313
945,0.962943360358128
946,0.01146836613651847
947,0.03583862053688793
948,0.6159934382052753
949,0.11246141068573114
950,0.25162034943984013
951,0.02733987645346399
952,0.04723432487478518
953,0.03559321817744966
954,0.71508562650036
955,0.10402748076846074
956,0.022659403066419146
957,0.1694005610436263
958,0.11136377419662818
959,0.035499228078607725
960,0.020869430002223223
961,0.045333509867728806
962,0.11418624955577364
963,0.0007775439259579107
964,0.6772377128577897
965,0.1842848445159138
966,0.0009278360038959964
967,0.07518209918010647
968,6.626078848709992e-05
969,0.0012635642495168091
970,0.004687484780616266
971,0.813762102439222
972,0.1313423800726016
973,0.2535930358777598
974,0.0092542234191648
975,0.031434103528946544
976,0.007876772705708336
977,0.14682878776483452
978,0.0024163069658515997
979,0.08609777991943175
980,0.006985957589264288
981,0.8665075741254161
982,0.7579209949071386
983,0.0067456602359058085
984,0.13574060678944516
985,0.010202545152135103
986,0.00018399471948619893
987,0.0010114537930310638
988,0.1684244128910113
989,2.7830698920891664e-05
990,0.3760672469974539
991,0.0002897760751506871
992,0.004883148363709628
993,0.9533159373514822
994,0.005084004930955047
995,0.0014202017498675973
996,0.19353478065533336
997,0.12085100172149066
998,0.007565818307671523
999,0.2139604786370941
1000,0.05802412967400993
1001,0.0025180548354238517
1002,0.06419625945106786
1003,0.03723454808039863
1004,0.4383361870507912
1005,0.00018240840016648811
1006,0.06053715324391452
1007,0.0018672087133826964
1008,0.10539302491020348
1009,0.00030292684370426104
1010,0.000756006971622143
1011,0.004549122194680198
1012,0.0925399188527665
1013,0.0375075076458521
1014,0.19676712890827683
1015,0.00034928348131315473
1016,0.0007227104904059003
1017,0.6170571369558414
1018,0.0007802292813629728
1019,0.23509618326930606
1020,0.01555289231057105
1021,0.03584554030412294
1022,0.0017542484178437762
1023,0.16879980401685624
1024,0.0158715792789442
1025,0.010783700263624593
1026,0.027179490485957115
1027,0.00013013664845240897
1028,0.0003283640314430304
1029,0.39901275772691436
1030,0.025712086404171327
1031,0.04939338370475564
1032,0.31270892708886777
1033,0.0003400192741960687
1034,0.00835907433296978
1035,0.0383418554599417
1036,0.03599403688380229
1037,0.023528695465901642
1038,0.01285472120531773
1039,0.2490634808849597
1040,0.0029392958071892783
1041,0.7060088773987552
1042,0.00938562558963046
1043,0.006782328301019785
1044,0.00011353836267056414
1045,0.09988674166813977
1046,0.003484589037778685
1047,0.025032719231579573
1048,0.04679307320943022
1049,0.608870177180189
1050,0.005015197421320499
1051,0.24807680716315872
1052,0.00046217971883221544
1053,0.3585481656626771
1054,0.27257923287884417
1055,0.256164120254798
1056,0.13998964896440988
1057,0.0018344047834931852
1058,0.13647050327937454
1059,0.00502032467493882
1060,0.004778558375715689
1061,0.0369080740509006
1062,0.03803217260127604
1063,0.4403936723482271
1064,0.007171398893938892
1065,0.0002479586406415338
1066,0.0021454053638189263
1067,0.003266869360656908
1068,0.1152773245625202
1069,0.007329850312288394
1070,1.4862262598656152e-05
1071,0.6182888625574271
1072,0.45128071725754526
1073,0.49264016066689226
1074,2.3679154415897215e-05
1075,0.21924609034363365
1076,3.9941397648343184e-05
1077,0.27493183932540843
1078,0.018737170456696626
1079,0.019884207469501907
1080,0.3507653686735965
1081,0.11528147212026489
1082,0.013875880288789827
1083,0.03457099782822802
1084,0.00012230220986284764
1085,0.12766465409808003
1086,0.16900133359411912
1087,0.3997892116971011
1088,0.038570717133408296
1089,0.0008676419864581814
1090,0.000577198896119501
1091,0.027961641308296523
1092,7.342150467120489e-05
1093,0.006068240609864746
1094,0.016344602159775713
1095,0.00012801237895399415
1096,0.127957013326894
1097,0.006072484200236618
1098,0.0027108016802336963
1099,0.07020151077607309
1100,0.0021861809396808477
1101,0.02350453432199944
1102,0.04677090323191764
1103,0.04034787949148911
1104,0.0003084637226804821
1105,0.35563620973570687
1106,0.6886964782803635
1107,0.0016612296144250653
1108,0.005692072705508723
1109,0.0022105153032486824
1110,0.027965604965300567
1111,0.42028628168678883
1112,0.0001519868450282209
1113,0.07645916914213052
1114,0.5123811852990283
1115,0.008206320572514747
1116,0.07918080286782549
1117,0.022162830144911935
1118,0.13585881087369986
1119,0.12213574927097119
1120,0.029531811958323426
1121,0.3289660761716338
1122,0.09963635924587469
1123,0.045875812187878506
1124,0.06405912785613736
1125,0.0022367906263325455
1126,3.233952332978555e-05
1127,0.01058817061455742
1128,0.0919356420748388
1129,0.21456870583786344
1130,0.3741296083375021
1131,0.28513679517929585
1132,0.009840461976160066
1133,0.029078582494819434
1134,0.009767339427584225
1135,0.020132626701780253
1136,0.0017237432601846688
1137,0.00011516558919679826
1138,0.00032036064833424084
1139,1.3959875694432875e-05
1140,0.11550775016799872
1141,0.03334501155088683
1142,0.004514047646447273
1143,0.0007247513166862264
1144,0.049994892011768356
1145,0.08747537257015756
1146,0.00041723505122787905
1147,0.002345182535853864
1148,0.16884677388824176
1149,0.3697601432534423
1150,0.03658359265595933
1151,0.3315527700916621
1152,0.11418561409093192
1153,4.001160663756957e-06
1154,0.07216104043279621
1155,0.23429598393575257
1156,0.005990457246788949
1157,0.017127964242825477
1158,0.1402086905787916
1159,0.5515261819669621
1160,5.56595883247081e-06
1161,0.10216808061748706
1162,0.33461223819763775
1163,0.9991825145507264
1164,0.289343467017097
1165,0.1516632331158677
1166,0.03724952542396911
1167,0.042918634013685404
1168,2.8128688133847683e-05
1169,0.023774291226931858
1170,0.0047308477044718114
1171,0.890690438940515
1172,0.8460722572674844
1173,0.713635129954953
1174,2.1663568965978145e-05
1175,1.2597297845504064e-05
1176,0.15935703201547072
1177,0.3791046492739364
1178,0.004841051904618012
1179,0.0007619098233389533
1180,0.0008429641956806011
1181,0.07343052867797045
1182,0.004699439992874056
1183,0.008979973675985204
1184,0.05801479941281214
1185,0.0639580365956148
1186,0.026392338230374904
1187,9.147984937959138e-06
1188,0.6924613370694438
1189,0.01171943412537247
1190,0.23158174781534596
1191,0.20376624931540502
1192,0.0119172616900333
1193,0.4117048995286203
1194,0.014801194191276726
1195,0.002203144136072432
1196,0.001228303293432566
1197,0.0301040353703071
1198,0.0713949481822071
1199,0.49155245720165397
1200,0.5884709060843948
1201,0.09306783873409807
1202,0.028534205675141085
1203,0.784324343689837
1204,0.0012036559128494697
1205,0.17472873488010093
1206,0.025858122811913412
1207,0.02869122782619285
1208,0.003825108171121576
1209,0.24580410777098727
1210,0.013278085508032377
1211,0.04214841601257731
1212,0.13938567568635976
1213,0.0010725618181162352
1214,0.00014844385145930413
1215,0.0024004109568240774
1216,0.01268279841025235
1217,0.0004877610006439051
1218,0.00041820601238981824
1219,0.0176446119628728
1220,2.9378937943744054e-05
1221,0.0314422913868525
1222,0.013080238616707355
1223,0.22108768032011833
1224,1.6753411053003362e-05
1225,0.003933766522990515
1226,0.0364105718342355
1227,0.008119052287392776
1228,0.007696281263792468
1229,0.010506168504249723
1230,0.002315089466450777
1231,0.2008158782102023
1232,0.006726969191079712
1233,0.5597532669525513
1234,0.0009712553511225137
1235,0.16492286772903664
1236,0.2655832414493389
1237,0.1463635376480458
1238,0.02066123464592397
1239,0.09305980297041895
1240,0.448216916118301
1241,0.030717227946792387
1242,0.0066757245866533015
1243,0.5773190053179245
1244,0.006493098076209312
1245,0.4695416615587833
1246,0.006227958838493
1247,0.14213490526523934
1248,0.08244132442012571
1249,0.0016267515168416939
1250,0.005236711041287906
1251,0.005435948104793973
1252,0.0011484150395422363
1253,0.3510506787634675
1254,0.11930079487255844
1255,0.08893629596407396
1256,0.32037642430478636
1257,0.010914834047237027
1258,0.020385791872441696
1259,0.03392136483969854
1260,0.12628134606808508
1261,0.003403191329284889
1262,0.5438989829443269
1263,8.360201708311376e-06
1264,0.0006359327892451811
1265,0.14177982882475684
1266,0.002578893474043582
1267,0.01630673264333483
1268,0.369823930792882
1269,0.01672550766599986
1270,0.0843043269946004
1271,0.0258631424304489
1272,0.34093251062013813
1273,0.3262299059448893
1274,0.026574784498392935
1275,0.7076560050889033
1276,0.3960826122594832
1277,0.01603823007783179
1278,0.03940521205769131
1279,0.421494064475658
1280,0.001513220571890004
1281,0.00010008330137537581
1282,0.0004928397745911294
1283,0.881450778653482
1284,0.25019357494540734
1285,0.0011068183871654712
1286,0.07733684493279579
1287,1.2289093150739462e-05
1288,2.3391101197294044e-06
1289,0.029818376789582535
1290,0.6172295376565647
1291,0.011922263146921087
1292,0.20799458398177617
1293,0.012837176637405114
1294,0.7655345444706811
1295,0.645439404524729
1296,0.48175862660396485
1297,0.022774496087893954
1298,0.05465183096996502
1299,0.0015629326277408955
1300,0.5174149243908872
1301,0.0006669190740037958
1302,0.496282090127067
1303,0.15931311933086648
1304,0.5419073153566403
1305,0.00601245671259379
1306,0.01102174948689876
1307,0.8523142772736388
1308,0.22228781517124044
1309,0.0025564396656168956
1310,0.3543106094241068
1311,0.032144002402046144
1312,0.024964369455684258
1313,0.5641210244030798
1314,0.41406360972571743
1315,0.0002801285921360705
1316,0.0020909590610028333
1317,0.02336095145624439
1318,0.44663631625756645
1319,0.034848435440216784
1320,0.9556328397940872
1321,6.36494626287001e-05
1322,0.2519666077571524
1323,0.15575167627847525
1324,0.0087997655226532
1325,0.05876230221280627
1326,0.0022459562158468364
1327,0.09454606266462884
1328,0.09784998596989368
1329,0.00045347501854480247
1330,0.9470772180653664
1331,0.21918539035456308
1332,4.245933249668432e-05
1333,0.6834476082685775
1334,0.01167773437758734
1335,0.15182885881554845
1336,0.08423395846195206
1337,0.013235092822925584
1338,0.009699262010521558
1339,0.04499435380968547
1340,0.003632821287383218
1341,0.00991435460835493
1342,0.0013729163884499027
1343,0.0009315624738295452
1344,0.23737138642964684
1345,0.0013438816938658323
1346,0.737267573664011
1347,0.001405338614949561
1348,0.3295223400591793
1349,0.18801615004644062
1350,0.45081389841332953
1351,0.022289475416301614
1352,0.018934848754787806
1353,0.051582015034677624
1354,0.05309506227392412
1355,0.00750713010597534
1356,0.05227699903491967
1357,7.110322235131184e-05
1358,0.0017710647638870943
1359,0.06293821052393855
1360,0.008151391359185078
1361,0.004359422475104498
1362,0.0015389283006874094
1363,0.013432691570850933
1364,0.001027705938998733
1365,0.11003531274948022
1366,0.06330083036021159
1367,0.001033700092553037
1368,0.010594837929191355
1369,0.4984291628775292
1370,0.3970094060641684
1371,0.0734919297079021
1372,0.00029533748012630656
1373,0.04469936887689386
1374,0.006657852236333032
1375,0.7934934304755765
1376,0.0033798707265676946
1377,0.2730590537350008
1378,0.015996366758663276
1379,0.0015826623726123172
1380,0.13629212025253995
1381,0.0007412323021517884
1382,0.0023939704946939633
1383,0.5050216989541534
1384,0.8626506424342019
1385,0.08468350603370889
1386,0.0012053310515515174
1387,0.04639493096396553
1388,0.0035441096882729856
1389,0.0056286767345454704
1390,0.02668128272215994
1391,5.124869346465108e-05
1392,0.3202090133173043
1393,0.023527301851318228
1394,0.04522731132441105
1395,0.00017102181450568768
1396,0.0002168614904038754
1397,0.09302669486404698
1398,0.015023274471016708
1399,0.0003680916679380042
1400,8.20042467529721e-06
1401,0.24562507987577145
1402,0.001937418221011178
1403,0.6126969163985717
1404,0.0021765885501926247
1405,0.009562764846639088
1406,0.09653990277074621
1407,0.0037143502376161615
1408,0.0019125442909457805
1409,0.1136855158119446
1410,0.006308855832588093
1411,1.0121255509916863e-05
1412,0.004339356327294731
1413,0.12871247635836153
1414,0.005737805784060253
1415,0.007232779874435859
1416,0.0007883086335602348
1417,0.09795140448764833
1418,0.2809769463589745
1419,0.0001254527809249787
1420,0.0025842802375910046
1421,0.8007198363904955
1422,0.048287303887941994
1423,6.100438360421641e-05
1424,2.875001368003542e-05
1425,0.0021024287534151353
1426,0.018529052969580257
1427,0.08175482150725702
1428,0.016288418023762376
1429,0.016099701235594812
1430,0.1818483507817904
1431,0.0007644278305052188
1432,4.229474526710298e-05
1433,0.0002685229104145085
1434,0.0005379329697180167
1435,0.0030966489281159075
1436,0.09949914040326613
1437,0.250337813704162
1438,0.3859752215315312
1439,3.527204188332267e-05
1440,0.03404367011331945
1441,0.01283437190488344
1442,0.008257243135814872
1443,0.04180838495717549
1444,0.0035287810303315393
1445,0.0002681720886505305
1446,0.01649004984839903
1447,0.0026511820551508407
1448,0.024984036195547264
1449,0.012450249509261541
1450,0.13629761768662574
1451,0.8980159387701776
1452,0.0029059562526142922
1453,0.026126814736844417
1454,0.41629858947419307
1455,0.13450676417671142
1456,1.999447491921637e-05
1457,0.16527499359072684
1458,0.40360868916852144
1459,0.15897420002575527
1460,0.031506586960389625
1461,0.0003666558253977141
1462,0.08086952567935753
1463,0.412846556315016
1464,0.9628540392047646
1465,0.00048038041584259807
1466,0.8613732176860838
1467,0.331084164539999
1468,4.741503303757929e-06
1469,0.08752570085172727
1470,0.9279841882767119
1471,0.0028668796104293613
1472,0.09508606978734342
1473,0.009707775491806181
1474,0.3288522183459687
1475,0.027601274092219144
1476,0.0004509288501212866
1477,0.7805409037385891
1478,0.05104531075142903
1479,0.03051008436558628
1480,0.028000549767118025
1481,0.03661626528137329
1482,0.11277969298329432
1483,0.0004616995224646113
1484,0.39322895622681336
1485,0.04434477563678486
1486,0.6540157168209708
1487,0.04619415543137468
1488,0.05947255493790742
1489,0.25928763057020976
1490,0.0002395663140440876
1491,0.09852791853235453
1492,0.030907265209725032
1493,0.04875212406049419
1494,0.14480935787509627
1495,0.3682026755229746
1496,0.02120309119080745
1497,0.011357622306315988
1498,0.0002209640125676627
1499,0.00321419282466077
1500,0.4484678481815505
1501,0.0030666983868523744
1502,0.0016894911625396573
1503,0.019875088206347966
1504,0.010256936545103193
1505,0.040024814426709104
1506,0.05959973320167687
1507,0.38755554823664584
1508,0.7815858694680212
1509,0.5505122320368216
1510,0.5481067671925938
1511,0.05891292401648785
1512,0.3275377865792808
1513,0.003973790380793839
1514,6.657699644070602e-05
1515,0.0023759096750649144
1516,0.0002614786038945974
1517,0.3466516790782937
1518,0.37095674514288557
1519,0.001618070251954105
1520,0.010581819922242225
1521,0.7124215973024294
1522,0.10588872674019714
1523,0.17617926762388245
1524,0.2037609271585738
1525,0.0022878973598020142
1526,0.0384216767210788
1527,0.35875048827915285
1528,0.010542534574056354
1529,0.03667883162355802
1530,0.0031046520064908103
1531,0.06812099142126854
1532,0.11468922703257223
1533,0.2182580278598428
1534,0.0002171400834309389
1535,0.0024594114689541085
1536,0.000513244735903902
1537,0.013464209975961464
1538,0.06154274261860095
1539,0.013695206183390618
1540,0.0035640727895381967
1541,0.000314919186316678
1542,0.03077789209970378
1543,0.325836100163579
1544,0.2981727635761707
1545,0.01415375311919671
1546,0.0029004006687923544
1547,0.004678609088422928
1548,0.9448985893236862
1549,0.035643611313785364
1550,8.822926640572807e-05
1551,0.07227919199489588
1552,0.014521625613473785
1553,0.039010444477337404
1554,6.513678734325053e-05
1555,8.910916200575858e-05
1556,0.12370385626376325
1557,0.0016978826364314466
1558,0.017908054799175687
1559,0.0002830509866167123
1560,0.5293043846263394
1561,0.012270907608848908
1562,0.00021101379929730789
1563,0.003732647503444406
1564,0.06892352004244896
1565,4.4037579218758845e-05
1566,0.17499871335392492
1567,0.00025072175053563947
1568,0.599521558034289
1569,0.7136702752710842
1570,0.000482431850617473
1571,5.73628906126075e-06
1572,0.0015318286498238315
1573,0.0007572924005089471
1574,0.010507449987228253
1575,0.35165673806652936
1576,0.0945248371176681
1577,0.07741998374382618
1578,0.0017237139861362187
1579,0.003011097771033532
1580,0.011927600684614379
1581,0.005924742088389841
1582,0.03294394886980572
1583,0.014302518535883327
1584,0.0007337236110452324
1585,0.00019604084598922027
1586,0.02766502660780529
1587,0.029366937633841815
1588,0.06677984134717908
1589,0.6337002400718472
1590,0.005613138737452411
1591,0.015561640713070582
1592,0.0038171636404628153
1593,0.051284256776126365
1594,0.01978186799338121
1595,0.04432702243527055
1596,0.46254009074611135
1597,0.16000534176608275
1598,0.005906543732151688
1599,0.33453884238303944
1600,0.10814862287336777
1601,0.8743719621299695
1602,0.0008204334589741451
1603,0.0009849045754948321
1604,0.012564513968476064
1605,0.7149577132088988
1606,0.025394106790964883
1607,0.005634359736985426
1608,0.008348290060464185
1609,0.4886750285466773
1610,0.004474764400466357
1611,0.37616660757521586
1612,0.21570884399940898
1613,0.1320348830068773
1614,0.9347395049894739
1615,0.0017314828247112807
1616,0.17310816904411488
1617,0.010367569157550336
1618,0.01584404252368963
1619,0.0020747609280263074
1620,0.008526510471426947
1621,0.13506718956146396
1622,0.6342551090698019
1623,0.12751426334495056
1624,0.05992686445173801
1625,0.029946236208709225
1626,0.004161861362019383
1627,0.04252864495951338
1628,0.004008759375482268
1629,0.06139057857695605
1630,0.00010804523567136705
1631,0.001524477198122017
1632,0.001145729694812401
1633,0.28427882306710395
1634,0.45447034104601786
1635,0.3723468782311189
1636,0.057452547727998377
1637,0.010784581322429841
1638,0.7444582096080945
1639,0.006438023627559329
1640,0.004258057942450165
1641,0.3506616408567423
1642,0.5418449947665783
1643,0.8935331242454244
1644,0.00020988953803284958
1645,0.0646281312608039
1646,0.0016930143652744848
1647,0.002351443724517553
1648,0.012239651832665845
1649,0.4442348193298318
1650,0.0035309034609651104
1651,0.026170596982735318
1652,0.04253405233004185
1653,0.7810419514045586
1654,0.10201919212949391
1655,0.0030972628680120307
1656,0.10444523418926133
1657,0.0021340176783667124
1658,0.13160564463202915
1659,0.09220919075176154
1660,0.035533930536044395
1661,0.7196945282244925
1662,0.0014269496455436067
1663,0.28473857120199936
1664,0.06571956743098391
1665,0.5904488162330854
1666,0.00023159249272762707
1667,0.41543252733732017
1668,0.13160559996582033
1669,0.002552850043856238
1670,0.3837155292366924
1671,0.022356964010926437
1672,0.0018964022529378043
1673,0.5171989407011821
1674,0.0022721011476188467
1675,0.3337581971012111
1676,0.006636046777775534
1677,0.289254364625122
1678,0.0284150054661707
1679,5.522128956812874e-05
1680,0.0029180010373736206
1681,0.011257145267923282
1682,0.0020663448148739733
1683,9.672705397524292e-05
1684,0.01450962288322125
1685,0.001475085096187809
1686,0.0001523520585538915
1687,0.3715768051957617
1688,0.06267694465268282
1689,0.025508766624889732
1690,0.0005738779255087296
1691,0.026579179022266943
1692,0.007130655886671133
1693,0.3155680055121748
1694,0.021226242398092482
1695,0.020689962239026857
1696,0.0002598932912375489
1697,0.00042959346817168114
1698,0.03336639550145144
1699,0.005993157830122799
1700,0.005883216899076056
1701,0.025612801582407144
1702,0.029270796647761093
1703,0.010367502807782062
1704,0.3887995410943728
1705,0.1590175180680835
1706,0.20419713876087692
1707,0.031796962946182325
1708,0.032636990812699294
1709,0.004508796074170085
1710,0.013476701667033918
1711,0.03876341915815954
1712,0.33027415423976525
1713,0.17293445480477734
1714,0.03454671796546912
1715,0.07209162957766513
1716,0.006437531628252694
1717,0.005961772072100628
1718,0.5161193529910513
1719,0.03232959892965296
1720,0.9906423884138381
1721,0.0051740557829062575
1722,0.015134995250129245
1723,0.06646200378528735
1724,0.0010949390578589208
1725,0.003272414218928961
1726,4.214629512189997e-05
1727,0.0036664823476314635
1728,0.26664084852645215
1729,0.18795262553174236
1730,0.00018619403797738083
1731,0.01646044305717808
1732,0.009522257242308058
1733,0.0001328836416203504
1734,0.9377367842306135
1735,0.030530113562153762
1736,0.4161435313805356
1737,0.0022540527700378224
1738,0.002945734017036315
1739,0.08941200312466895
1740,0.9022857366271837
1741,0.006478789520938373
1742,0.004384474003107281
1743,0.00020306572354235688
1744,0.0003951030671189438
1745,0.7295536828808663
1746,0.6557086822799583
1747,0.0017727357304622997
1748,0.15172562248328603
1749,0.003681144162437986
1750,2.979014186277541e-05
1751,0.12791661817051855
1752,0.06017674597779407
1753,0.030058043881694013
1754,0.002724280931060741
1755,0.08508507351792557
1756,0.19604005225674487
1757,0.05359173313874013
1758,1.6894568796910757e-05
1759,0.25652998919280445
1760,0.02243945028181277
1761,0.07688691479231988
1762,0.0024679006893353664
1763,0.0038864605503149754
1764,0.5246514041621873
1765,0.9247860276456664
1766,0.2710092363889722
1767,0.00033605286217525175
1768,0.367518603860408
1769,0.0005425427025733187
1770,0.006547519937575812
1771,0.10422291587404364
1772,0.0008641502796634248
1773,0.10617858523326668
1774,0.0032431007633581302
1775,0.028019718657890023
1776,0.04062952772669518
1777,0.0018818930479563424
1778,0.07154897533682347
1779,0.0006075868889241629
1780,0.3289708810813503
1781,0.0014913948154105662
1782,0.024317139356399172
1783,0.05493145186694135
1784,0.019096859867186816
1785,0.0602237570146138
1786,0.007481841102027637
1787,0.007574275126253286
1788,0.1256482549774677
1789,0.0005763100990968651
1790,0.7672544378196673
1791,0.0009023017029472291
1792,0.16545643131874235
1793,0.021695563793380508
1794,0.0013418553793352222
1795,0.004880625673725537
1796,0.19033608418056278
1797,0.004521273877580279
1798,0.5131847547117845
1799,0.06165745245169428
1800,0.4466942112147363
1801,0.023837510224191845
1802,0.35176823284175707
1803,0.08138761392234414
1804,0.011110940552190295
1805,0.5067897531598815
1806,0.002783880080830006
1807,0.021822826783901378
1808,0.27874458966726134
1809,0.00027345451327029314
1810,0.8541502938975476
1811,0.13005252685685822
1812,0.09125655305351849
1813,6.185843964364085e-05
1814,0.01950325097568472
1815,0.029130122362996835
1816,0.06102682079986017
1817,0.0019478860792956484
1818,0.0018820589010944372
1819,0.0030866672565152673
1820,0.011676336958473223
1821,0.03542126313327998
1822,0.3088449028036972
1823,0.022203059793476893
1824,0.024391486483166826
1825,0.00022607701823434907
1826,0.00020157831512908464
1827,0.0018953669664020791
1828,0.0011260430541544459
1829,0.41946859664653907
1830,0.6881825763196068
1831,0.035315508629888866
1832,0.1947843303078136
1833,0.006297708419844186
1834,0.00018176177930094036
1835,0.001974583390586625
1836,0.26075842465652843
1837,0.14052993369231984
1838,0.11637495363424914
1839,0.08136326480601505
1840,0.058877293638463404
1841,0.9977237223191784
1842,3.71180061020466e-05
1843,0.015680525512915523
1844,0.047569289227250754
1845,0.0006529967673243333
1846,0.00019566644944882914
1847,0.0005394357236451977
1848,0.02298157549726554
1849,0.16004757650191748
1850,0.042613079170563416
1851,0.01595274031355515
1852,0.9473622704524445
1853,0.13672613182194684
1854,0.5225096063238206
1855,0.022047383444260313
1856,6.680120050925202e-05
1857,0.0017927784969985878
1858,0.04327168453227996
1859,0.00021470342927046727
1860,0.01609870018214411
1861,0.0004887054138622546
1862,0.0008452136188270071
1863,0.4905212074576496
1864,0.003964118673967965
1865,0.016799176453213445
1866,0.0005004002751614892
1867,0.10765588578131925
1868,0.39391825516583073
1869,0.05609153032747152
1870,0.019509616964242502
1871,0.01687461383985329
1872,0.2927242025185243
1873,0.0016634111789919452
1874,0.02539237530851137
1875,0.01634565861320116
1876,1.8549445062311452e-05
1877,0.05129379465611609
1878,0.0014138540942657514
1879,0.05057723831375838
1880,0.0034055351729092207
1881,0.024486960383653625
1882,0.0005851843343280898
1883,0.007055267088445026
1884,0.14716247145991262
1885,0.025435470684031108
1886,0.004068189416082479
1887,0.7383755346677366
1888,0.8520725213326686
1889,0.010152551774402323
1890,0.007244564420951924
1891,0.1013084915097707
1892,0.13456356975043887
1893,0.04500532844903163
1894,0.47658975179964475
1895,0.011962071190905208
1896,0.023261690763859113
1897,0.2620799257418568
1898,0.12448237690819872
1899,0.00037917129141279123
1900,0.3214173667980078
1901,0.05971384746128274
1902,0.044771184935102556
1903,0.22226110592760587
1904,0.0007873437676440777
1905,2.607275796545319e-05
1906,0.00020353996597332263
1907,0.04988853601338546
1908,0.05536820613418268
1909,0.003356247952541241
1910,0.03959643148380924
1911,0.009258541528514583
1912,0.009034470952547157
1913,0.0689190965401939
1914,9.082312286867608e-05
1915,0.0013705728648336919
1916,0.014069065980190771
1917,0.015652990018977533
1918,0.7846901095511
1919,0.15736010763976585
1920,0.06944037277524424
1921,0.012302331553668177
1922,0.013192554859606192
1923,0.05221094929290058
1924,0.009040694409914656
1925,0.009460949139719926
1926,0.0307427039443033
1927,0.09345688287148618
1928,0.09995786768833771
1929,0.12414189105801733
1930,0.19029416934303264
1931,0.16726356743153167
1932,0.0993617953759747
1933,0.00629292564325852
1934,0.0005865142883946179
1935,0.021880913426021005
1936,0.10118128644704652
1937,9.027635341686622e-05
1938,0.431985528141049
1939,0.02697165937067643
1940,0.0028992448971165517
1941,0.0027722557719872627
1942,0.002622985659810105
1943,0.03701304541060563
1944,0.04731118606036725
1945,0.008144974772881836
1946,0.11605664949365296
1947,0.17059521883834095
1948,0.00887507762794675
1949,0.008236572730885539
1950,0.005505903956712325
1951,0.002509576311941203
1952,0.7429169248014115
1953,0.03393927730147235
1954,0.12200065475548427
1955,0.0010077176691619184
1956,0.23300541860380503
1957,0.0050215312058599845
1958,0.0008634057149407616
1959,0.11261776727874306
1960,0.27343844643310694
1961,0.07008985335462804
1962,0.5817382730044434
1963,0.946456978052871
1964,0.02936403230290452
1965,0.0002959422097372189
1966,0.012043026663707964
1967,0.25518098375129544
1968,0.0658730210213476
1969,0.07112647501983951
1970,0.8731497091426651
1971,0.0009406508544496507
1972,0.0012407424829666911
1973,0.021970185267308713
1974,0.007125503719094883
1975,0.013957697877672082
1976,0.1690070910538529
1977,0.027695085606720297
1978,0.04541481034817147
1979,0.008661754782539338
1980,0.05611614150905924
1981,0.7394791571539904
1982,0.008828549394326184
1983,0.5607651781670367
1984,0.11552497197264455
1985,0.03006249743899408
1986,0.0010916900735699663
1987,0.928385882291396
1988,0.14704039813823166
1989,0.6317128866422005
1990,0.0015135037881271064
1991,0.00029070758572921813
1992,0.002995882162904221
1993,0.9756368682870561
1994,0.00190949867648609
1995,0.0030718411056560938
1996,0.07676028183429448
1997,0.07071144470784248
1998,0.06318243410201473
1999,0.00020380296741066777
2000,0.000893490174615891
2001,0.14151160047077546
2002,0.6084346114787286
2003,0.11305528591198064
2004,0.0025809077510155413
2005,0.0016895349338490954
2006,0.05283632980567369
2007,0.0065591650207628815
2008,0.9523962787849043
2009,0.3056303547117565
2010,0.008910231655774278
2011,0.41364314417899845
2012,0.009837613900837391
2013,0.8500760729706964
2014,0.0014939614472935182
2015,0.2857358228497984
2016,9.875252463851242e-05
2017,0.2939920349085179
2018,0.16291547594694308
2019,0.02397578714676435
2020,7.552133237839726e-05
2021,0.0006683033588445193
2022,0.00613307335955842
2023,0.04364281357866752
2024,0.11656459211482652
2025,0.17723922082418656
2026,0.5122143344217776
2027,0.23163852976815713
2028,0.18179288013309358
2029,2.077954585226547e-05
2030,0.5652135254545143
2031,0.3651920046361955
2032,0.1372556276240684
2033,0.0024205000914340755
2034,0.6698852380347019
2035,0.004053848836732401
2036,0.3438924380231343
2037,0.3994393805746914
2038,0.023630186160289467
2039,0.0007596690830199753
2040,0.004376550187796868
2041,0.19283896194833366
2042,0.26930787559858865
2043,0.06124654870442796
2044,0.7441721989468638
2045,0.00011925840251756659
2046,0.01227257542696919
2047,0.013314410432523158
2048,0.01628690838199042
2049,0.0883350191871719
2050,0.005998182482396693
2051,0.024420545845620478
2052,0.027981042897023984
2053,0.1552770973870989
2054,0.3844289692632983
2055,0.01785901277185111
2056,0.056094035536462215
2057,0.1796462503471344
2058,0.033438207984936984
2059,0.03884777566363316
2060,0.018528934772220458
2061,0.08479923215802371
2062,0.9454471407333316
2063,0.028784875433221804
2064,0.5636524561787949
2065,0.011500551301162457
2066,0.00026975950904511287
2067,0.2990254569051708
2068,0.1767213080051468
2069,0.011383006177188466
2070,0.00016652299045618143
2071,0.0712568969459224
2072,0.23450816796787494
2073,0.010843338892154995
2074,0.008144796246505766
2075,0.6534204861113125
2076,0.9818102193879193
2077,1.3762418486610702e-05
2078,0.1108356350738212
2079,0.005527425428607412
2080,0.004370039989487292
2081,0.016147174345137644
2082,0.002343378235858962
2083,0.00578364908874898
2084,0.06649453243083321
2085,6.705815187508377e-05
2086,0.03907225921303935
2087,0.00011809219603150665
2088,0.6764915521778272
2089,0.0389270747749239
2090,0.4045874769240071
2091,0.0002406449512755354
2092,0.030074700735647667
2093,0.01452041506959327
2094,0.19425247684496985
2095,0.06662808073471167
2096,0.027397765825621048
2097,0.5732539075317645
2098,0.026753533496837026
2099,0.009811179149798255
2100,0.00034722665672006164
2101,0.8646351447891967
2102,0.0034479301136019955
2103,0.07045113120339211
2104,0.012498597720605017
2105,0.5929073947074498
2106,0.1022291583028189
2107,0.009625645318557894
2108,0.07364596096861076
2109,0.9540356712790835
2110,0.04587096713989378
2111,0.06013848555764541
2112,0.0024413284916294862
2113,0.01842382013285055
2114,0.00694112256281412
2115,0.0003326495653589774
2116,0.10080240825806105
2117,0.020762305162668335
2118,0.18161117164710874
2119,9.50676386862766e-06
2120,0.013462464049822992
2121,0.3853363272428775
2122,0.005439022056243869
2123,0.003226405766769376
2124,0.10701360446942873
2125,0.16566192295628193
2126,0.000463412470104473
2127,0.1334519352220198
2128,0.00836155294065556
2129,0.06313116329969355
2130,0.6394575299089619
2131,0.0060365760589303555
2132,0.22356231830284332
2133,0.2039280264797774
2134,0.005556595898024098
2135,0.0029324697864501364
2136,0.0013956975925599746
2137,0.023664279001739695
2138,0.13664259625349962
2139,0.005540065883061149
2140,3.397188791757207e-05
2141,0.042984805950933076
2142,0.000407158504441114
2143,0.002755556214620993
2144,0.009123483443495551
2145,0.08068685635801055
2146,3.5673513320010076e-05
2147,0.10376157405826211
2148,2.6844809376873553e-05
2149,0.5200735921106868
2150,0.0019916094458534207
2151,7.17300311332199e-05
2152,0.07338279562143717
2153,0.02094193186691198
2154,0.7588859451577834
2155,8.593522481986892e-05
2156,0.0014349569601974177
2157,0.025715429601793793
2158,0.038538782751992164
2159,0.11577778449812592
2160,0.05224320307832647
2161,0.1574998322832197
2162,0.0001529561630021054
2163,0.00119076390351788
2164,0.1242379669888799
2165,0.0042112388735372035
2166,0.013517595960506244
2167,0.008457881174789343
2168,0.4249980833761224
2169,0.14036665793070557
2170,0.021295157190603615
2171,0.09237311816924762
2172,0.0038727694723964443
2173,0.0007327960004011948
2174,0.0030318677424170035
2175,0.05100914788934879
2176,0.006744018687616133
2177,0.5350032903767343
2178,0.21870563062002316
2179,0.2835782779124489
2180,0.0039221299655359245
2181,0.4123008208464278
2182,8.888818844962038e-05
2183,0.010393675100341173
2184,0.08851210249196233
2185,0.15401591374667303
2186,6.918728465895981e-07
2187,0.00034795626908006505
2188,0.0320097135888504
2189,0.29503307988566513
2190,0.13718695504619777
2191,0.005764414604819555
2192,1.7408918248994914e-05
2193,0.35797773276405914
2194,0.8199248571711365
2195,0.004522141538075972
2196,0.2686858644043228
2197,0.01327360915282257
2198,5.89577632574589e-05
2199,0.07116009258260499
2200,0.03171317525163971
2201,0.002523333100418574
2202,0.008448651513802075
2203,0.44919764475676477
2204,0.0051932845575055255
2205,0.010010583317380944
2206,0.0005915341939207386
2207,0.34789446590189516
2208,0.02204300654405311
2209,0.09368211230614802
2210,2.9283355288040976e-05
2211,0.022977807719626174
2212,0.011971202071554051
2213,0.03488078089391081
2214,0.10301296322131044
2215,0.3556691767359102
2216,0.0005718780558977133
2217,0.9394136269318306
2218,0.48729210432513714
2219,0.001980099581907328
2220,0.6970508405641397
2221,0.2504882556297556
2222,0.0250554626138197
2223,0.06304409678288699
2224,0.011755776830233882
2225,0.001112879857447683
2226,0.0003747530004253576
2227,0.0037032327808036616
2228,2.0853398869950874e-05
2229,0.0554608059680926
2230,0.5217688872677396
2231,0.004742485110630173
2232,0.06934499877329368
2233,0.0002160729124410123
2234,0.00047230726904146135
2235,0.06241230409666438
2236,0.12141004110957888
2237,0.1279252834924238
2238,0.00013093558733860567
2239,0.020137482359484607
2240,0.038831219088425246
2241,2.1853255749549e-05
2242,0.5775872382361039
2243,0.8870468800471433
2244,0.056676426196206615
2245,0.44979786647540104
2246,0.006782148324397595
2247,0.000529393411241939
2248,1.0420249698230757e-05
2249,0.008127995121275596
2250,0.5360418345632979
2251,0.0009510705391140923
2252,0.05855244760951896
2253,0.005010105605480665
2254,0.022591875480416395
2255,0.008161643229473712
2256,0.0009159153646614034
2257,0.6097111359270169
2258,0.0009064066952830811
2259,0.06480547579647745
2260,0.005179422189222325
2261,0.0006588726728590708
2262,0.17168706178019283
2263,0.0024294236034401364
2264,0.027482638015512408
2265,0.4271829860987238
2266,0.06907706366578736
2267,0.06727825541166706
2268,0.23803072910866577
2269,0.010070601552812083
2270,0.004462147056710357
2271,0.34423067865180446
2272,0.23581400418428478
2273,0.04486413408936492
2274,0.03734561756792677
2275,0.02704717331043288
2276,0.015150441734902336
2277,0.10343553145631014
2278,0.4067935062085664
2279,0.0013190721942177611
2280,0.006132023499442929
2281,0.010147955058582276
2282,0.007490028333127178
2283,0.002376360524894704
2284,0.008891825203371461
2285,0.0005190665818472939
2286,1.763006450821787e-05
2287,0.24534273542322538
2288,0.037051274729649517
2289,0.4248880853294296
2290,0.028017076208336635
2291,0.004680845239755372
2292,0.0013250359421371385
2293,0.07290155439014609
2294,0.021953589920665127
2295,0.002861450026955405
2296,0.011247532713713104
2297,0.8241068400121888
2298,0.004013098362983957
2299,0.4706637164071726
2300,0.0076485203743981
2301,0.216085483672576
2302,0.00532492006989649
2303,0.006802516390809927
2304,0.004965453943793775
2305,0.1208415958901539
2306,0.06345136416671932
2307,0.15975278591686623
2308,0.0026454507372860635
2309,0.0007409866589985071
2310,0.04979044713346849
2311,0.0015059670968936157
2312,0.07444625734151061
2313,0.965325281654677
2314,0.004429803244883634
2315,0.530327347219741
2316,0.024511113150177455
2317,0.005720618045462658
2318,0.004334179138349716
2319,0.5906804371472734
2320,0.027129928018508512
2321,0.035709636374244284
2322,0.06415906831669961
2323,0.3243239583149647
2324,0.023910763736915638
2325,0.00022044228336765573
2326,0.12346055959198514
2327,0.10937666678596171
2328,0.12929289101748426
2329,0.0024657815076606026
2330,5.4830901112051834e-05
2331,0.0027520616006081597
2332,0.022632911889243122
2333,0.001739720881373856
2334,0.0012174854344398768
2335,0.02354048639546475
2336,0.23561903081414753
2337,0.012862040829288646
2338,0.3315513528969712
2339,0.012066636947504402
2340,0.4102976021028183
2341,0.07100053069557713
2342,0.004208134868273189
2343,0.002721481694812167
2344,0.11558884739988812
2345,0.0010149801348770962
2346,0.005596673889008355
2347,0.6179238984214371
2348,0.002915125544543007
2349,0.001549105022371722
2350,0.0017518903259631192
2351,0.28991232270156103
2352,0.003217232806179245
2353,0.06654803854366519
2354,0.9756501502080824
2355,0.3664860868509964
2356,0.002885652030435311
2357,0.00036558072815156233
2358,0.0002549777529893735
2359,0.11344275420963076
2360,0.7037934493493916
2361,0.589060719849378
2362,0.12789323414028633
2363,0.01855035406009018
2364,0.0075614315958982235
2365,0.9619032920607989
2366,0.0019331161522939033
2367,0.5788281125989204
2368,0.010565810457971364
2369,3.1808180134936086e-05
2370,0.06511665021640624
2371,0.30190106870907196
2372,0.7912165638229085
2373,0.08522054186629685
2374,0.030306970830560536
2375,0.006657496331872598
2376,0.2901839464106757
2377,0.00046891115585999426
2378,0.004168865253784957
2379,0.0026620521244956697
2380,0.0025586041237946984
2381,0.010919350069902755
2382,0.062527946770608
2383,0.0010731594272604037
2384,0.0003693354950830176
2385,0.01415043851697563
2386,0.8231636540831451
2387,0.013567345810538473
2388,0.024135738953141504
2389,0.011778945196021533
2390,0.002906726354886078
2391,0.0009734942481564854
2392,0.00018831943936725872
2393,0.0141844092994851
2394,0.39943374729825637
2395,0.15139515030201395
2396,0.00746151689246027
2397,0.0314864871262908
2398,0.7541075172985038
2399,0.6206366986695019
2400,0.3176734109858587
2401,0.016925877020478368
2402,0.06656418636349519
2403,0.25380297662945644
2404,0.0009210265232769977
2405,0.011366088458377317
2406,0.2061947412375988
2407,0.015079178384983544
2408,0.38108556615071354
2409,0.00914500808902163
2410,0.0002937569521541617
2411,0.044919624683520516
2412,0.41967325059149113
2413,0.1170667419929997
2414,0.2760726239775538
2415,0.043071541710145274
2416,0.008814827941121416
2417,0.2514605875966305
2418,0.003674077747533275
2419,0.786936526646528
2420,0.05010279709897702
2421,0.013108303419459864
2422,0.1412420309062797
2423,0.23467477002055562
2424,0.36233692862407246
2425,0.008133526133062795
2426,0.07260944760795902
2427,0.37854897090399714
2428,0.6401500668225393
2429,4.858341876204093e-05
2430,0.09403166273902148
2431,0.011658634555383553
2432,0.00038995724416496355
2433,0.0013089817361066425
2434,0.0024306358844611697
2435,0.4308376936627729
2436,0.6555221424641235
2437,0.42673241473577017
2438,0.0012631620583246012
2439,0.04755449206420239
2440,0.049203042910834036
2441,0.0002515115855261595
2442,0.012522970615743546
2443,0.00534336388964366
2444,0.5352885702618628
2445,0.23109379946198627
2446,0.11418588057748351
2447,6.118060033000901e-06
2448,0.021432945408328085
2449,0.044203309370038975
2450,0.38330656574421135
2451,0.0010068406495949863
2452,0.01873160440704143
2453,0.014354801854115588
2454,0.11672890421335552
2455,0.006305789712922561
2456,0.002844252906155135
2457,0.0005883968651077069
2458,0.013822586879669526
2459,0.27171161021484835
2460,0.058322249134609004
2461,0.0037286197608497706
2462,0.0056812188671230765
2463,0.33332713399689706
2464,0.06289453101064824
2465,0.0007977034508395664
2466,0.601753163596132
2467,0.020853250970998924
2468,0.44151751650140864
2469,0.8822714079696133
2470,0.007799337929597883
2471,0.8069931338680261
2472,0.04809627840011581
2473,0.0051939952474234575
2474,0.02668381778735391
2475,0.00032765412238213267
2476,7.6474502755128e-05
2477,0.05303781852361519
2478,0.6953540388934271
2479,0.00020249503723887284
2480,0.5503152228110797
2481,0.30172432051461195
2482,0.0073450514919893555
2483,7.936137364674092e-05
2484,0.34424621647458226
2485,0.0001724700551381192
2486,0.014303085816396484
2487,0.0004254051306744545
2488,0.0077216849095058104
2489,0.0002893606835210561
2490,0.10051657027686903
2491,0.1730302080489276
2492,0.0823560739024254
2493,0.10319963855094884
2494,0.009295547406194378
2495,0.017537216351288163
2496,0.00026618249361587935
2497,0.016706464126409495
2498,0.001014362769742091
2499,0.022192021207320015
2500,0.1300860935809057
2501,0.5618386640790483
2502,0.005839896263946962
2503,0.0062276213540238745
2504,0.060931546023388836
2505,0.01385765959975679
2506,0.14478101412108896
2507,0.27869810917425064
2508,0.8188319933463886
2509,0.008942544421138857
2510,0.7714797238792731
2511,0.00013755890973229826
2512,5.226818427997534e-06
2513,0.0022234748222679877
2514,0.053090479978392724
2515,0.0003797728711629307
2516,0.5432565196401388
2517,0.03579792443418689
2518,0.0349905326730541
2519,0.57509721269866
2520,0.34709320351122225
2521,0.001688444211956047
2522,0.13805278539821772
2523,0.6294651115699101
2524,0.04616256528845476
2525,0.00022306955988661017
2526,0.04591914387973075
2527,0.38144233970605224
2528,1.2632646437346881e-05
2529,0.042067334660538094
2530,0.8000208194368585
2531,0.39777166782667606
2532,0.08075820296068535
2533,0.31152277671320006
2534,0.1663946375790065
2535,0.025284189875864952
2536,0.001609046452019664
2537,0.01658864058188908
2538,0.09545212974650967
2539,0.29738737986880887
2540,0.024623674229682042
2541,0.46446832933174687
2542,0.008022287761413798
2543,0.006228532827869107
2544,0.2183344326728507
2545,0.00013339307068094402
2546,1.3404448598369023e-06
2547,0.0013303128419218946
2548,0.06404954432578021
2549,0.9202637442465634
2550,0.004574179257979431
2551,0.03327984883152518
2552,0.05687640275654543
2553,1.7533266491677985e-05
2554,0.05847431225019781
2555,0.0258040601937909
2556,0.028035127167019693
2557,0.03747016883364345
2558,0.00036454811840904664
2559,0.006011475658956835
2560,0.4249660261095679
2561,0.0006979451491298332
2562,0.008337778442344812
2563,0.06275561769809564
2564,3.0485487632379934e-05
2565,0.07333827591427972
2566,0.15175235435805695
2567,0.0006042367166809445
2568,0.10773507651979457
2569,0.017779770207279538
2570,0.01334011187073473
2571,0.21837708532806643
2572,0.00014796097321449078
2573,0.00880880385942045
2574,0.006971637868560143
2575,0.1595128853451799
2576,0.014850921770207519
2577,0.007278519377315224
2578,0.6884882421982473
2579,0.003574580873192011
2580,0.05943745905169917
2581,0.09099906722982326
2582,0.04836703247538685
2583,0.03573291966951601
2584,0.19016076456430164
2585,0.006085617644581614
2586,0.6112450393278437
2587,0.4144625455470379
2588,0.8054319104497284
2589,0.019405200228941544
2590,0.02381995295968188
2591,0.09630724732853467
2592,0.00029286851739357026
2593,0.06329405774202485
2594,0.040697778797530816
2595,0.012898582796330082
2596,0.0911353529455351
2597,0.5972378092019369
2598,0.00027377670536333934
2599,0.030713941694674878
2600,0.18840827261024481
2601,0.001309525393771066
2602,0.006365047919873771
2603,0.08865013842308249
2604,0.00033787641904035816
2605,0.07333801751090643
2606,0.5894619623520895
2607,0.8924150103455742
2608,0.00609125671031837
2609,0.08106946365126533
2610,0.04368804240205357
2611,0.40314370986183473
2612,0.07064600359780503
2613,0.09067266742617844
2614,0.026738626088029512
2615,0.025859423772367367
2616,0.04069025154836027
2617,0.02024332919975995
2618,0.05041887357579255
2619,0.4853601996208832
2620,0.23212886033831975
2621,0.012378832217702949
2622,0.03895497446103308
2623,0.8780467725111105
2624,0.030259307209598865
2625,0.11221318565274212
2626,0.0007279991876618958
2627,0.0035258522302769957
2628,0.09501666320105909
2629,0.0031723452313897225
2630,0.0206910124531601
2631,0.008575984413025683
2632,0.7713882354700738
2633,0.1460635384605933
2634,0.4314986000576106
2635,0.3175813173841732
2636,0.0023747224710463557
2637,0.0007523477192448841
2638,0.9565447313518017
2639,0.9099782015009998
2640,0.9660190181027164
2641,0.5202492403742043
2642,0.8079880459638445
2643,0.6714881220194711
2644,0.9711451318199746
2645,0.6660505200138671
2646,0.9791096749389112
2647,0.15420761019178217
2648,0.8093925633357661
2649,0.9879641074901334
2650,0.8614244184400535
2651,0.6418571151666929
2652,0.5922388645848801
2653,0.9600125472584716
2654,0.9570272045754216
2655,0.947591335987149
2656,0.87764362691127
2657,0.7578783065414973
2658,0.9446944236319583
2659,0.9848478042916716
2660,0.7963662711167778
2661,0.845684654919233
2662,0.9797027966205464
2663,0.2947226137054311
2664,0.9378762588054798
2665,0.9818325560060521
2666,0.990538122548312
2667,0.9558692666012538
2668,0.9548445211971476
2669,0.9620498275629392
2670,0.9995137356893385
2671,0.9960801679790873
2672,0.8426623996974844
2673,0.9237542152700591
2674,0.23516341932584356
2675,0.8488152781101298
2676,0.9979578475188919
2677,0.9552704446916951
2678,0.9701791203977094
2679,0.9767257015325872
2680,0.929190923673871
2681,0.8764199848132057
2682,0.8276865029242207
2683,0.9515782071426138
2684,0.9159141933889611
2685,0.9400774185042502
2686,0.8567383301797831
2687,0.9631633072704028
2688,0.970173742092643
2689,0.9623682914792618
2690,0.9788885480983154
2691,0.9175441779122977
2692,0.9906923023477994
2693,0.8778015340646992
2694,0.014318665455152606
2695,0.9144235475057899
2696,0.8926262633235313
2697,0.886732314442946
2698,0.9697439496134329
2699,0.9426686459283008
2700,0.9469445644733252
2701,0.7457079323878412
2702,0.7686540744545921
2703,0.5714981655876458
2704,0.9523356105946089
2705,0.9064763876331969
2706,0.9581171789569168
2707,0.865119249930713
2708,0.9751343351722715
2709,0.9733282670169584
2710,0.8461453311503577
2711,0.6255186969769471
2712,0.9961962000877302
2713,0.8699432620835528
2714,0.8304669552877779
2715,0.9741809674605518
2716,0.885115565197856
2717,0.9545543908298967
2718,0.9130826839324482
2719,0.9915294059237028
2720,0.9796808208577664
2721,0.9223473481615758
2722,0.9204800126659358
2723,0.6286191482510616
2724,0.7926768401440912
2725,0.8784557741821795
2726,0.9061663915548192
2727,0.8764764827646752
2728,0.05439421587001982
2729,0.9055357394460515
2730,0.8418405680134402
2731,0.9551228558773807
2732,0.8651311738674267
2733,0.9906034983104435
2734,0.9139983258233447
2735,0.9868513423719895
2736,0.9299288792518139
2737,0.8123459431891435
2738,0.9503037083612187
2739,0.9263900830378025
2740,0.40073365531228355
2741,0.9337034755278967
2742,0.8791802414504268
2743,0.8751813320951606
2744,0.9716614596792086
2745,0.9775572293965487
2746,0.6186018877027017
2747,0.9743329878083967
2748,0.975258013240164
2749,0.9467009197168297
2750,0.9424760333555535
2751,0.8304437557422363
2752,0.9948883778683978
2753,0.8930434642139626
2754,0.04287250045014683
2755,0.6731022477726826
2756,0.20596590399796552
2757,0.2698089704845948
2758,0.15782744098670862
2759,0.9130968147149607
2760,0.9913898934687412
2761,0.7834456399910044
2762,0.9474887276439429
2763,0.5879034445210721
2764,0.9176166149449159
2765,0.9414743434398286
2766,0.9899127714842935
2767,0.34969182029523205
2768,0.7901866151721558
2769,0.6576302154049272
2770,0.6487774262961595
2771,0.5338977338574578
2772,0.9889690251165169
2773,0.7516480020746182
2774,0.8581735983844255
2775,0.7691224772887645
2776,0.8318755186298336
2777,0.9750523921742226
2778,0.8393515069588762
2779,0.8909925324777802
2780,0.9449757831249025
2781,0.6881084942869021
2782,0.9464653565953016
2783,0.9184643674091388
2784,0.6541069876209807
2785,0.906898284753882
2786,0.9180111377683994
2787,0.931606284978043
2788,0.42278155120874306
2789,0.5572668747853877
2790,0.9540980086509566
2791,0.7549893888693768
2792,0.8706094743965431
2793,0.9410675230171892
2794,0.8707567293820113
2795,0.9949977027538832
2796,0.9765893953373951
2797,0.7977879813717839
2798,0.9986454890515168
2799,0.9535527790164589
2800,0.984521810677304
2801,0.7586650713946987
2802,0.9113303519005977
2803,0.8798936043370352
2804,0.6663427387059156
2805,0.8791325014172646
2806,0.9269717645120248
2807,0.41521001919764344
2808,0.8018136601859791
2809,0.955090740446551
2810,0.8610818791794705
2811,0.8184883846842057
2812,0.9817283145951426
2813,0.9855548066515853
2814,0.9321364341070055
2815,0.9657820198329102
2816,0.956494157546502
2817,0.9312021222136904
2818,0.8418018888071409
2819,0.9667934749535851
2820,0.9257201042829181
2821,0.8905564156764445
2822,0.9415731601027719
2823,0.7688236830544658
2824,0.906804991464633
2825,0.8976654267941907
2826,0.9757994127416542
2827,0.9619762108542995
2828,0.9407156626987316
2829,0.9753967501563331
2830,0.9798872865373087
2831,0.769442712402252
2832,0.8358069653511428
2833,0.9787319421356153
2834,0.8654386107225188
2835,0.7986107602919135
2836,0.9591520048319577
2837,0.8563260129753234
2838,0.5315268513055643
2839,0.24759930286962847
2840,0.9564902693158611
2841,0.9564476278316423
2842,0.9665580280266393
2843,0.9366851139608525
2844,0.8263265033635215
2845,0.9622771709061154
2846,0.9174943456270149
2847,0.9202898292711854
2848,0.9413995932827962
2849,0.9683998045582621
2850,0.9224106873547596
2851,0.9849716424803902
2852,0.9214897793765211
2853,0.6723307885995695
2854,0.9731376712587693
2855,0.9629400389008381
2856,0.9823453552223596
2857,0.9580608299471365
2858,0.9465046139038767
2859,0.9481177587338452
2860,0.5766133598352967
2861,0.8533475815908135
2862,0.9190586625899431
2863,0.9486420042734425
2864,0.932398230970326
2865,0.963730465677133
2866,0.9694448805678489
2867,0.980444141668191
2868,0.9695929555036203
2869,0.9614061324879208
2870,0.86157748792131
2871,0.987348356827688
2872,0.8415206055818061
2873,0.973764678865476
2874,0.8505968477057941
2875,0.8836250737454948
2876,0.9948008416621527
2877,0.656985813949624
2878,0.9336671744853239
2879,0.9468707845870832
2880,0.7670954597843854
2881,0.9162728960008715
2882,0.9159910132613607
2883,0.7343535094367255
2884,0.3254743013612377
2885,0.9127136556360067
2886,0.8191455246504304
2887,0.9816660785274963
2888,0.642535059107208
2889,0.9805483878910801
2890,0.8675476284081847
2891,0.9942599734844924
2892,0.9653706751380816
2893,0.9699099730956704
2894,0.8803423284760151
2895,0.8572717072209162
2896,0.935901202972112
2897,0.7797796242143399
2898,0.937754544676247
2899,0.762453690101084
2900,0.5764842160220557
2901,0.4378451854012515
2902,0.9094448656445343
2903,0.9051748602189565
2904,0.874484353197046
2905,0.9341432759325182
2906,0.9497991661702939
2907,0.916925632501403
2908,0.7766277588257632
2909,0.8726896241726304
2910,0.5618838469409145
2911,0.39139320883772444
2912,0.8465214425454097
2913,0.8942269278157683
2914,0.6645930451942429
2915,0.941809809565005
2916,0.9974833395412483
2917,0.5249100982799407
2918,0.8866804893985889
2919,0.9868409363192671
2920,0.9765337492227959
2921,0.959421349916138
2922,0.9614387302691381
2923,0.8097483779039145
2924,0.9479275930461792
2925,0.9296480020507641
2926,0.892313758279057
2927,0.9818729358621414
2928,0.8945688815258924
2929,0.9760024934016284
2930,0.9414790140730736
